id,NAME,host id,host_identity_verified,host name,neighbourhood group,neighbourhood,lat,long,country,country code,instant_bookable,cancellation_policy,room type,Construction year,price,service fee,minimum nights,number of reviews,last review,reviews per month,review rate number,calculated host listings count,availability 365,house_rules,license,price_RS,service fee_RS
28387684,Comfortable Brooklyn Studio,32473065483,verified,Brenda,Brooklyn,East Flatbush,40.64997,-73.94453,United States,US,True,flexible,Entire home/apt,2006.0,1168,234,2.0,97.0,2022-03-03,2.02,3.0,1.0,24.0,,,6401.308096000001,1282.453848
28389893,"1 Bedroom Garden Apt, tranquil garden, Park Slope",88029089595,verified,Bruce,Brooklyn,Park Slope,40.67397,-73.97733,United States,US,True,flexible,Entire home/apt,2020.0,410,82,1.0,136.0,2022-03-03,2.97,3.0,1.0,320.0,,,2247.03452,449.40690400000005
28393759,‚ãÜBrooklyn Brownstone Suite‚ãÜGreat Location‚ãÜ,70215371828,verified,Sam,Brooklyn,Prospect-Lefferts Gardens,40.66333,-73.95191,United States,US,True,flexible,Entire home/apt,2003.0,1168,234,3.0,143.0,2022-03-03,3.61,2.0,1.0,118.0,,,6401.308096000001,1282.453848
28409224,Cozy Apt Sleeps 5 ‚òÜ 15 Minutes to Manhattan,41425103479,verified,Monica,Brooklyn,Bushwick,40.69653,-73.93047,United States,US,True,flexible,Entire home/apt,2022.0,899,180,3.0,47.0,2022-03-03,4.53,3.0,1.0,222.0,,,4927.034228,986.50296
28413090,Cozy Flat in the Heart of the Upper West Side,31672243468,verified,Ignacio,Manhattan,Upper West Side,40.781326,-73.979836,United States,US,True,flexible,Entire home/apt,2008.0,932,186,1.0,104.0,2022-03-03,6.45,5.0,13.0,209.0,,,5107.893104000001,1019.3863920000001
28431316,Modern Lower Level Studio+Backyard Oasis,29572214004,verified,Alecza,Queens,St. Albans,40.7035,-73.75741,United States,US,True,flexible,Entire home/apt,2017.0,656,131,1.0,37.0,2022-03-03,4.96,5.0,1.0,125.0,,,3595.2552320000004,717.9549320000001
28435734,UNTITLED at Freeman - Queen Studio 1004,74030472311,verified,Karen,Manhattan,Nolita,40.72287,-73.99335,United States,US,True,flexible,Entire home/apt,2007.0,721,144,2.0,20.0,2022-03-03,3.3,3.0,208.0,121.0,,,3951.4924120000005,789.2023680000001
28442362,"Entire sunny studio, in popular SoHo",74907367426,verified,Nicolette,Manhattan,Greenwich Village,40.72777,-74.00114,United States,US,True,flexible,Entire home/apt,2020.0,868,174,3.0,9.0,2022-03-03,2.48,4.0,1.0,89.0,,,4757.136496,953.6195280000001
28462244,Convenient  1 BR Haven in Greenwich Village,18575158998,verified,Yuko,Manhattan,SoHo,40.72721,-74.00087,United States,US,True,flexible,Entire home/apt,2006.0,390,78,30.0,1.0,2022-03-03,1.0,5.0,1.0,68.0,,,2137.42308,427.484616
28472186,"*Discount* Huge, 5BR Multi-Terrace Sunny LEGAL Apt",21763166426,verified,Yves,Brooklyn,Park Slope,40.68169,-73.9769,United States,US,True,flexible,Entire home/apt,2021.0,662,132,4.0,220.0,2022-02-03,1.93,3.0,1.0,163.0,,,3628.1386640000005,723.435504
28475500,Upper East Side,27344240633,verified,M David,Manhattan,Upper East Side,40.76348,-73.96422,United States,US,True,flexible,Entire home/apt,2010.0,1050,210,4.0,95.0,2022-02-03,1.08,2.0,1.0,243.0,,,5754.600600000001,1150.92012
28485441,NYC Photographers Loft,87293895505,verified,Zi Ying,Manhattan,Lower East Side,40.71891,-73.9939,United States,US,True,flexible,Entire home/apt,2020.0,1022,204,2.0,98.0,2022-02-03,1.47,4.0,2.0,13.0,,,5601.144584000001,1118.0366880000001
28488755,Large Newly Renovated Guest Suite,9714878899,verified,Ted & Tony,Brooklyn,Bedford-Stuyvesant,40.68038,-73.92221,United States,US,True,flexible,Entire home/apt,2015.0,868,174,1.0,98.0,2022-02-03,1.68,5.0,1.0,67.0,,,4757.136496,953.6195280000001
28489859,Immaculate and Sweet Carroll Gardens 1 Bedroom,67860025596,verified,Sylvia,Brooklyn,Carroll Gardens,40.67809,-73.99875,United States,US,True,flexible,Entire home/apt,2017.0,475,95,3.0,162.0,2022-02-03,2.96,5.0,1.0,180.0,,,2603.2717000000002,520.65434
28495382,Last stop on the L train.,59605991669,verified,Wilfred,Brooklyn,Canarsie,40.64769,-73.90473,United States,US,True,flexible,Entire home/apt,2022.0,1162,232,3.0,90.0,2022-02-03,1.87,2.0,1.0,179.0,,,6368.424664,1271.492704
28508638,Pre-war Updated Bushwick Townhouse with Back Yard,26889193702,verified,Masami,Brooklyn,Bushwick,40.69187,-73.9142,United States,US,True,flexible,Entire home/apt,2014.0,311,62,2.0,3.0,2022-02-03,3.0,4.0,1.0,125.0,,,1704.4578920000001,339.79546400000004
28528520,UNTITLED at Freeman - Tower Balcony Studio 1201,41665186448,verified,Karen,Manhattan,Lower East Side,40.72113,-73.99319,United States,US,True,flexible,Entire home/apt,2015.0,118,24,2.0,44.0,2022-02-03,5.84,5.0,208.0,106.0,,,646.7074960000001,131.533728
28562211,Modern gut renovated condo 2 BR / 1 ba -smart home,35345716039,verified,Alice,Brooklyn,Bay Ridge,40.6344,-74.02483,United States,US,True,flexible,Entire home/apt,2005.0,394,79,1.0,9.0,2022-02-03,3.55,3.0,2.0,,,,2159.3453680000002,432.965188
28566077,Luxury‚≠êÔ∏è Villa w/ LED Ring FREE Parking NYC,27186003211,verified,Pree,Brooklyn,East Flatbush,40.64224,-73.94978,United States,US,True,flexible,Entire home/apt,2017.0,595,119,1.0,3.0,2022-02-03,3.0,3.0,3.0,,,,3260.94034,652.188068
28569943,"Convenient, Central, Comfortable",20853231181,verified,Eric,Manhattan,East Harlem,40.79046,-73.94576,United States,US,True,flexible,Entire home/apt,2006.0,1178,236,6.0,198.0,2022-01-03,1.7,2.0,1.0,,,,6456.113816000001,1293.4149920000002
28602529,Spacious 1st floor apartment. 2 bedrooms,38086896512,verified,Fernando,Queens,Jackson Heights,40.75414,-73.85671,United States,US,True,flexible,Entire home/apt,2022.0,931,186,2.0,113.0,2022-01-03,2.39,2.0,2.0,126.0,,,5102.412532,1019.3863920000001
28617441,Newly Renovated 2 bedroom  near Times Square,15537884900,verified,Kerri,Manhattan,Hell's Kitchen,40.75679,-73.9953,United States,US,True,flexible,Entire home/apt,2019.0,654,131,3.0,165.0,2022-01-03,4.78,4.0,2.0,221.0,,,3584.294088,717.9549320000001
28627934,Townhouse studio apartment in historic Bed-Stuy,95980703796,verified,German,Brooklyn,Bedford-Stuyvesant,40.68963,-73.93174,United States,US,True,flexible,Entire home/apt,2012.0,225,45,3.0,73.0,2022-01-03,2.85,4.0,1.0,21.0,,,1233.1287000000002,246.62574
28643399,Simply Stunning Brooklyn Brownstone 3-Bed Duplex,13886916664,verified,Julia,Brooklyn,Bedford-Stuyvesant,40.68207,-73.92807,United States,US,True,flexible,Entire home/apt,2010.0,630,126,2.0,27.0,2022-01-03,2.82,3.0,2.0,63.0,,,3452.76036,690.5520720000001
28650026,East Village Hideaway,44839415240,verified,Cameron,Manhattan,East Village,40.72828,-73.98048,United States,US,True,flexible,Entire home/apt,2011.0,749,150,2.0,40.0,2022-01-03,4.0,2.0,1.0,251.0,,,4104.948428000001,822.0858000000001
28654445,1 BD Luxury apartment with stunning views,96628383337,verified,Eli,Manhattan,Hell's Kitchen,40.7622,-73.99878,United States,US,True,flexible,Entire home/apt,2012.0,389,78,3.0,21.0,2022-01-03,3.07,4.0,1.0,235.0,,,2131.942508,427.484616
28662177,420 Friendly Staycation Brooklyn Cosmic Garden,14928664978,verified,Miguel,Brooklyn,Crown Heights,40.67637,-73.93581,United States,US,True,flexible,Entire home/apt,2021.0,1119,224,1.0,74.0,2022-01-03,9.57,5.0,1.0,75.0,,,6132.7600680000005,1227.648128
28684269,"2 Bedroom apartment, nicely renovated.",91207700111,verified,Theo,Brooklyn,Bushwick,40.69824,-73.9191,United States,US,True,flexible,Entire home/apt,2014.0,147,29,4.0,7.0,2022-01-03,2.14,4.0,1.0,38.0,,,805.644084,158.936588
28703599,Beautiful 2 bedroom condo with 2 private patios!,42003663450,verified,Imani,Brooklyn,Clinton Hill,40.68167,-73.95894,United States,US,True,flexible,Entire home/apt,2009.0,102,20,2.0,5.0,2022-01-03,5.0,5.0,1.0,6.0,,,559.0183440000001,109.61144000000002
28705809,Cozy lovely 1 bedroom studio in Brooklyn,31581605783,verified,Michelle,Brooklyn,Bedford-Stuyvesant,40.67877,-73.90855,United States,US,True,flexible,Entire home/apt,2022.0,212,42,1.0,5.0,2022-01-03,3.13,4.0,1.0,182.0,,,1161.881264,230.18402400000002
28710779,Warm Brooklyn Escape,76106704391,verified,Natalie,Brooklyn,Bedford-Stuyvesant,40.68321,-73.94938,United States,US,True,flexible,Entire home/apt,2016.0,513,103,1.0,5.0,2022-01-03,5.0,2.0,1.0,125.0,,,2811.533436,564.498916
31186188,Your Very Own Williamsburg Apt!,92922634025,verified,Julian,Brooklyn,Williamsburg,40.71949,-73.9404,United States,US,True,flexible,Entire home/apt,2011.0,819,164,30.0,40.0,2022-12-02,0.44,5.0,1.0,227.0,,,4488.588468,898.8138080000001
31192263,Charming Union Sq Studio w/Elevator - deep cleaned,8914750118,verified,Carol,Manhattan,East Village,40.73239,-73.98575,United States,US,True,flexible,Entire home/apt,2022.0,767,153,1.0,373.0,2022-12-02,4.86,3.0,2.0,271.0,,,4203.598724,838.5275160000001
31199995,"Clean,Spacious,Queen+Full beds in 2BR-Ridgewood,NY",45622717768,verified,Katarina,Queens,Ridgewood,40.69989,-73.89797,United States,US,True,flexible,Entire home/apt,2008.0,1113,223,,145.0,2022-12-02,2.42,5.0,2.0,45.0,,,6099.876636000001,1222.167556
31204966,"Modern Comfort in Carroll Gardens, Brooklyn",1102916783,verified,Bernadette,Brooklyn,Carroll Gardens,40.6782,-73.99627,United States,US,True,flexible,Entire home/apt,2016.0,978,196,30.0,120.0,2022-12-02,2.51,3.0,1.0,157.0,,,5359.999416000001,1074.1921120000002
31221535,407 West 51-Cozy Studio located in Midtown West,37057396918,verified,Jeniffer,Manhattan,Hell's Kitchen,40.76387,-73.98812,United States,US,True,flexible,Entire home/apt,2017.0,830,166,30.0,7.0,2022-12-02,0.27,2.0,186.0,278.0,,,4548.874760000001,909.7749520000001
31224849,Studio638 In the heart of Midtown Manhattan,37220575275,verified,Oscar & Rossanna,Manhattan,Midtown,40.74795,-73.98692,United States,US,True,flexible,Entire home/apt,2009.0,367,73,1.0,24.0,2022-12-02,1.18,5.0,5.0,162.0,,,2011.369924,400.08175600000004
31259644,Lovely 1 bedroom apartment,64541750895,verified,Danisia,Brooklyn,Crown Heights,40.6772,-73.94541,United States,US,True,flexible,Entire home/apt,2006.0,947,189,,2.0,2022-12-02,1.11,5.0,1.0,167.0,,,5190.101684,1035.8281080000002
31268481,Sweet Apt Tremont Av & D Train,35901332162,verified,Jhon,Bronx,Mount Hope,40.84832,-73.90383,United States,US,True,flexible,Entire home/apt,2022.0,1183,237,2.0,9.0,2022-12-02,4.35,2.0,1.0,348.0,,,6483.516676,1298.8955640000001
31274004,"Serene, minimalist studio W Village",87715134886,verified,Arianna,Manhattan,West Village,40.73478,-74.00108,United States,US,True,flexible,Entire home/apt,2017.0,931,186,3.0,125.0,2022-11-02,1.37,3.0,1.0,255.0,,,5102.412532,1019.3863920000001
31305485,Prospect Park 2-Bed Chic & Clean - Pets Ok,15105936829,verified,Richard,Brooklyn,Windsor Terrace,40.65852,-73.97754,United States,US,True,flexible,Entire home/apt,2013.0,811,162,1.0,17.0,2022-11-02,1.48,2.0,3.0,90.0,,,4444.743892,887.8526640000001
31306589,"BIG  QUIET 2BR , BEAUTIFUL BRONX NY. NYC 30 mins",64357286608,verified,Paul,Bronx,Wakefield,40.89817,-73.85157,United States,US,True,flexible,Entire home/apt,2013.0,116,23,7.0,5.0,2022-11-02,0.72,4.0,10.0,359.0,,,635.746352,126.05315600000002
31325368,Luxurious and Sunny 2 bed/2 bath home (1100 sqft),40905896780,verified,Navlyn,Brooklyn,Williamsburg,40.71542,-73.9486,United States,US,True,flexible,Entire home/apt,2016.0,946,189,7.0,82.0,2022-10-02,1.26,4.0,2.0,0.0,,,5184.621112000001,1035.8281080000002
31325920,Brooklyn Brownstone Serenity,72872954473,verified,Tali,Brooklyn,Bedford-Stuyvesant,40.68477,-73.92768,United States,US,True,flexible,Entire home/apt,2015.0,1182,236,30.0,74.0,2022-10-02,1.16,5.0,1.0,56.0,,,6478.036104000001,1293.4149920000002
31327024,Cozy Studio with Private Entrance,25670646255,verified,Linda,Staten Island,Clifton,40.61391,-74.08557,United States,US,True,flexible,Entire home/apt,2021.0,1194,239,2.0,240.0,2022-10-02,5.91,2.0,1.0,305.0,,,6543.802968000001,1309.856708
31330891,Cozy 1 bedroom apt in Brooklyn,15964120468,verified,Maurice,Brooklyn,Brownsville,40.65493,-73.91201,United States,US,True,flexible,Entire home/apt,2004.0,709,142,,64.0,2022-10-02,1.71,2.0,1.0,226.0,,,3885.7255480000003,778.2412240000001
31334204,One bedroom Masterpiece,69844974328,verified,Martha,Queens,Forest Hills,40.73381,-73.85453,United States,US,True,flexible,Entire home/apt,2017.0,952,190,,12.0,2022-10-02,1.95,3.0,3.0,350.0,,,5217.504544,1041.30868
31346907,3 Bedroom Duplex Garden Apartment in Brownstone,92355412204,verified,Carme,Brooklyn,Bedford-Stuyvesant,40.69174,-73.94107,United States,US,True,flexible,Entire home/apt,2016.0,600,120,7.0,25.0,2022-10-02,2.74,5.0,1.0,0.0,,,3288.3432000000003,657.6686400000001
31364029,Unique Duplex Loft - Huge Private Roof with Garden,42480383214,verified,Lindsee And Peter,Manhattan,Nolita,40.72274,-73.99453,United States,US,True,flexible,Entire home/apt,2004.0,423,85,10.0,53.0,2022-09-02,0.78,5.0,1.0,82.0,,,2318.2819560000003,465.84862000000004
31366238,"Great Studio Apartment, 15-20mins from Downtown,",53486543678,verified,Katrina,Manhattan,Washington Heights,40.83699,-73.94113,United States,US,True,flexible,Entire home/apt,2021.0,609,122,3.0,76.0,2022-09-02,1.14,2.0,2.0,248.0,,,3337.668348,668.6297840000001
31378388,Well-appointed studio apt in Shopping district,60337460160,verified,Adam,Manhattan,Midtown,40.76196,-73.97021,United States,US,True,flexible,Entire home/apt,2006.0,590,118,3.0,85.0,2022-09-02,3.24,3.0,4.0,15.0,,,3233.5374800000004,646.7074960000001
31381702,Central Park Apartments Furnished Rental 20,11550242975,verified,JRAC Manhattan Realty,Manhattan,Upper West Side,40.7976,-73.96189,United States,US,True,flexible,Entire home/apt,2019.0,363,73,30.0,4.0,2022-09-02,0.42,4.0,34.0,109.0,,,1989.447636,400.08175600000004
31388330,Beautifully & Chic Midtown-East Studio with Patio,7078127578,verified,Michelle,Manhattan,Midtown,40.75029,-73.97129,United States,US,True,flexible,Entire home/apt,2021.0,679,136,1.0,8.0,2022-09-02,2.79,3.0,9.0,23.0,,,3721.3083880000004,745.357792
31394957,Style in Stuyvesant Heights,53118078912,verified,Roberta,Brooklyn,Bedford-Stuyvesant,40.68462,-73.92895,United States,US,True,flexible,Entire home/apt,2004.0,496,99,30.0,87.0,2022-08-02,0.69,3.0,1.0,260.0,,,2718.3637120000003,542.576628
31402690,FILM & PHOTOGRAPHY LOCATION ONLY,87213388575,verified,Steed,Manhattan,Harlem,40.83115,-73.94824,United States,US,True,flexible,Entire home/apt,2006.0,1086,217,2.0,5.0,2022-08-02,0.07,2.0,5.0,364.0,,,5951.901192,1189.284124
31406003,Cozy Brownstone Apartment in South Harlem,24217485750,verified,Doron,Manhattan,Harlem,40.80567,-73.94971,United States,US,True,flexible,Entire home/apt,2012.0,700,140,30.0,13.0,2022-08-02,0.26,2.0,3.0,182.0,,,3836.4004000000004,767.2800800000001
31422020,Magnificent place in a heart of Midtown,65354673349,verified,Victoria,Manhattan,Theater District,40.75916,-73.98532,United States,US,True,flexible,Entire home/apt,2016.0,693,139,30.0,5.0,2022-08-02,0.46,5.0,1.0,0.0,,,3798.0363960000004,761.7995080000001
31429752,Lovely Modern 2 Bed Duplex (UES),69222444432,verified,Thi Van Anh,Manhattan,Upper East Side,40.76895,-73.96144,United States,US,True,flexible,Entire home/apt,2018.0,764,153,2.0,8.0,2022-08-02,2.16,2.0,1.0,194.0,,,4187.157008,838.5275160000001
31443560,Manhattan Columbia Sunny & Peaceful Studio Aprtmt,3697955457,verified,Tom,Manhattan,Harlem,40.80832,-73.95533,United States,US,True,flexible,Entire home/apt,2009.0,346,69,4.0,128.0,2022-07-02,2.02,2.0,4.0,91.0,,,1896.2779120000002,378.159468
31463443,Sonder at One Platt | One-Bedroom Apartment,30591070672,verified,Sonder (NYC),Manhattan,Financial District,40.70797,-74.00682,United States,US,True,flexible,Entire home/apt,2007.0,555,111,2.0,14.0,2022-07-02,0.53,2.0,54.0,347.0,,,3041.7174600000003,608.3434920000001
31474489,"Central Park, Sunny 1BR  w/ Gym+Courtyard",30926333255,verified,Nice Stay,Manhattan,Hell's Kitchen,40.76742,-73.98486,United States,US,True,flexible,Entire home/apt,2019.0,968,194,30.0,4.0,2022-07-02,0.44,2.0,12.0,28.0,,,5305.193696,1063.230968
31484430,Stylish 2BR Astoria Haven (+WFH),15416827933,verified,Danielle,Queens,Astoria,40.76742,-73.93025,United States,US,True,flexible,Entire home/apt,2010.0,559,112,2.0,15.0,2022-07-02,2.57,4.0,1.0,118.0,,,3063.639748,613.824064
31504865,Mid-Century Modern Garden Paradise,1667767728,verified,Carmia And Joe,Brooklyn,Bedford-Stuyvesant,40.68217,-73.91003,United States,US,True,flexible,Entire home/apt,2005.0,1193,239,30.0,285.0,2022-06-02,3.08,5.0,1.0,198.0,,,6538.3223960000005,1309.856708
31505417,The Coziest Cove in Queens | Home Away From Home!,28368056179,verified,Hector Sr,Queens,Elmhurst,40.74674,-73.88593,United States,US,True,flexible,Entire home/apt,2017.0,341,68,4.0,188.0,2022-06-02,2.06,2.0,3.0,260.0,,,1868.875052,372.678896
31535242,2 Bedroom Cozy apartment in a Private house,89960511678,verified,Yoselyn,Bronx,Clason Point,40.81002,-73.85127,United States,US,True,flexible,Entire home/apt,2008.0,603,121,2.0,39.0,2022-06-02,1.42,3.0,2.0,350.0,,,3304.784916,663.149212
31544078,Huge studio room +private toilet+kitchen,76349568355,verified,Ismene,Brooklyn,Crown Heights,40.67185,-73.94671,United States,US,True,flexible,Entire home/apt,2007.0,395,79,30.0,9.0,2022-06-02,0.73,3.0,3.0,124.0,,,2164.82594,432.965188
31548497,The Medina Home,64795420875,verified,Conrado,Queens,East Elmhurst,40.75934,-73.88829,United States,US,True,flexible,Entire home/apt,2006.0,790,158,3.0,29.0,2022-06-02,1.88,5.0,1.0,147.0,,,4329.65188,865.930376
31558990,Cozy Apartment and Office Space in NYC,79997510881,verified,Ilan,Manhattan,Upper West Side,40.78129,-73.97606,United States,US,True,flexible,Entire home/apt,2017.0,1091,218,2.0,3.0,2022-06-02,1.88,2.0,1.0,47.0,,,5979.304052,1194.7646960000002
31565066,‚ô•‚ô•‚ô• Beautiful & Bold. Relax or Host Here ‚ô•‚ô•‚ô•,55127614456,verified,Edwin,Bronx,Parkchester,40.83933,-73.86905,United States,US,True,flexible,Entire home/apt,2005.0,976,195,1.0,9.0,2022-06-02,1.84,3.0,7.0,363.0,,,5349.038272000001,1068.71154
31570036,Charming One Bedroom Bedstuy Bklyn  420 Friendly,73735896152,verified,Lola,Brooklyn,Bedford-Stuyvesant,40.68526,-73.94935,United States,US,True,flexible,Entire home/apt,2009.0,814,163,1.0,9.0,2022-06-02,1.56,4.0,1.0,276.0,,,4461.185608000001,893.333236
31581635,Family Studio/2 Min to the Empire S. Building #52,88898323958,verified,Alberto Fernando,Manhattan,Midtown,40.74605,-73.98892,United States,US,True,flexible,Entire home/apt,2003.0,557,111,1.0,4.0,2022-06-02,0.94,3.0,8.0,229.0,,,3052.678604,608.3434920000001
31583292,Stylish 2 Floor Brooklyn Duplex - 3 Bedroom 2 Bath,78719129334,verified,Aleksandr,Brooklyn,Bushwick,40.69098,-73.91893,United States,US,True,flexible,Entire home/apt,2021.0,680,136,2.0,9.0,2022-06-02,2.43,4.0,1.0,122.0,,,3726.7889600000003,745.357792
31620296,BEAUTIFUL STUDIO ON UPPER EAST SIDE/ CENTRAL PARK,69926600483,verified,Inna,Manhattan,Upper East Side,40.769516,-73.956444,United States,US,True,flexible,Entire home/apt,2020.0,1182,236,30.0,16.0,2022-05-02,0.38,5.0,32.0,325.0,,,6478.036104000001,1293.4149920000002
31623057,Village/Soho  2 Br +Garden+Skylight,7211202384,verified,James,Manhattan,SoHo,40.72622,-74.0013,United States,US,True,flexible,Entire home/apt,2019.0,1190,238,30.0,44.0,2022-05-02,1.14,2.0,3.0,224.0,,,6521.88068,1304.376136
31624714,Your own huge private oasis in the heart of Soho,43478021799,verified,Asya,Manhattan,SoHo,40.72627,-74.00104,United States,US,True,flexible,Entire home/apt,2008.0,1177,235,5.0,24.0,2022-05-02,0.69,4.0,1.0,12.0,,,6450.633244000001,1287.93442
31629133,Hudson Yards Lux Two Bedroom R3,54284953720,verified,Carolyn,Manhattan,Hell's Kitchen,40.75409,-73.99675,United States,US,True,flexible,Entire home/apt,2014.0,185,37,30.0,4.0,2022-05-02,0.14,5.0,4.0,115.0,,,1013.9058200000001,202.78116400000002
31631342,Beautiful Furnished 1BR in Midtown + Gym,63200926634,verified,Zeus,Manhattan,Hell's Kitchen,40.75385,-73.99518,United States,US,True,flexible,Entire home/apt,2020.0,242,48,30.0,1.0,2022-05-02,1.0,5.0,34.0,334.0,,,1326.298424,263.067456
31637417,"Live, Work, Stay in Prime Midtown 1 Br Apartment 2",10533106209,verified,Anthony And Elle,Manhattan,Midtown,40.75461,-73.97444,United States,US,True,flexible,Entire home/apt,2016.0,376,75,90.0,6.0,2022-05-02,0.39,2.0,3.0,135.0,,,2060.695072,411.04290000000003
31645149,Rear Facing XL Modern Studio Apartment,40090251363,verified,Ori,Manhattan,Hell's Kitchen,40.75568,-73.99695,United States,US,True,flexible,Entire home/apt,2010.0,995,199,30.0,4.0,2022-05-02,0.59,5.0,7.0,147.0,,,5453.169140000001,1090.633828
31654538,UNTITLED at Freeman-Charming Studio 613,73673529445,verified,Karen,Manhattan,Lower East Side,40.72081,-73.99321,United States,US,True,flexible,Entire home/apt,2005.0,186,37,2.0,21.0,2022-05-02,4.09,3.0,208.0,120.0,,,1019.3863920000001,202.78116400000002
31659509,*Zen Bliss* Style & Comfort 2 bedroom condo in NYC,74991175619,verified,Karen,Manhattan,East Harlem,40.78517,-73.94862,United States,US,True,flexible,Entire home/apt,2003.0,943,189,30.0,2.0,2022-05-02,0.95,5.0,2.0,36.0,,,5168.179396,1035.8281080000002
31667241,A Beautiful Brownstone Apartment,71655051717,verified,Michael,Manhattan,Harlem,40.80872,-73.94124,United States,US,True,flexible,Entire home/apt,2009.0,232,46,30.0,343.0,2022-04-02,3.75,4.0,2.0,146.0,,,1271.492704,252.10631200000003
31678287,1 BEDROOM SMART APARTMENT IN THE EAST VILLAGE,79479869029,verified,Eden,Manhattan,East Village,40.72752,-73.97655,United States,US,True,flexible,Entire home/apt,2009.0,922,184,30.0,8.0,2022-04-02,0.2,5.0,1.0,105.0,,,5053.087384,1008.4252480000001
31693199,Central Park Apartments Furnished studio rental 12,98758136270,verified,JRAC Manhattan Realty,Manhattan,Upper West Side,40.79629,-73.96353,United States,US,True,flexible,Entire home/apt,2010.0,175,35,30.0,6.0,2022-04-02,0.61,5.0,34.0,117.0,,,959.1001000000001,191.82002000000003
31699827,Spacious 1 BR with Custom Home Office by Anyplace,14550780421,verified,Anyplace,Manhattan,Financial District,40.7077,-74.00878,United States,US,True,flexible,Entire home/apt,2015.0,315,63,30.0,1.0,2022-04-02,1.0,5.0,5.0,287.0,,,1726.38018,345.27603600000003
31702036,Lovely 1-bedroom apartment at Central Harlem,95220682821,verified,Doron,Manhattan,Harlem,40.81576,-73.94057,United States,US,True,flexible,Entire home/apt,2015.0,901,180,30.0,1.0,2022-04-02,1.0,5.0,3.0,171.0,,,4937.995372,986.50296
31722471,JFK Suite 1 - No Pet & No Smoking INSIDE,64905328338,verified,Fritzner,Queens,Springfield Gardens,40.66025,-73.75909,United States,US,True,flexible,Entire home/apt,2009.0,1189,238,2.0,20.0,2022-03-02,1.41,3.0,1.0,176.0,,,6516.400108000001,1304.376136
31725233,Spacious one BR garden level apt in Park Slope,53904113528,verified,Amelia,Brooklyn,Park Slope,40.67165,-73.98635,United States,US,True,flexible,Entire home/apt,2016.0,743,149,2.0,9.0,2022-03-02,3.21,3.0,1.0,136.0,,,4072.0649960000005,816.605228
31734622,Lovely Studio Apartment close to Central Park,13649871201,verified,Alex And Nika,Manhattan,East Harlem,40.79017,-73.94804,United States,US,True,flexible,Entire home/apt,2008.0,313,63,30.0,1.0,2022-03-02,1.0,3.0,9.0,309.0,,,1715.4190360000002,345.27603600000003
31737383,Brooklyn 1 BR Near Subway,98508428008,verified,Thomas & Gaby,Brooklyn,Crown Heights,40.67308,-73.92508,United States,US,True,flexible,Entire home/apt,2009.0,730,146,4.0,172.0,2022-02-02,1.91,2.0,3.0,158.0,,,4000.8175600000004,800.1635120000001
31747325,"Luxury Apt, 1 BR, Stainless Steel Appliances",94587453848,verified,Vanessa,Brooklyn,Williamsburg,40.70747,-73.94856,United States,US,True,flexible,Entire home/apt,2010.0,1197,239,30.0,21.0,2022-02-02,0.57,4.0,3.0,72.0,,,6560.244684,1309.856708
31753400,Charming and cozy 2 BR in Financial District.,58410646568,verified,Celine,Manhattan,Financial District,40.70377,-74.00835,United States,US,True,flexible,Entire home/apt,2004.0,240,48,30.0,3.0,2022-02-02,0.12,2.0,5.0,330.0,,,1315.3372800000002,263.067456
31758923,"Gorgeous, Newly renovated 2 Bedroom apartment",40186740261,verified,Evandra,Manhattan,Harlem,40.81754,-73.94275,United States,US,True,flexible,Entire home/apt,2018.0,904,181,5.0,19.0,2022-02-02,1.98,5.0,2.0,342.0,,,4954.437088000001,991.9835320000001
31781015,Private studio with free reserved parking spot,57891881548,verified,Fahim,Queens,Jackson Heights,40.75166,-73.89305,United States,US,True,flexible,Entire home/apt,2018.0,1097,219,3.0,146.0,2022-01-02,1.94,5.0,3.0,52.0,,,6012.187484,1200.2452680000001
31796479,NYC HUB XL @ 900ft from subway; 30 min to Midtown,12942142030,verified,Jeff,Queens,Jamaica,40.71094,-73.78254,United States,US,True,flexible,Entire home/apt,2017.0,643,129,3.0,66.0,2022-01-02,1.66,5.0,3.0,42.0,,,3524.0077960000003,706.9937880000001
31799793,Essex House in front of Central Park!,98425395117,verified,Mighty Tree Properties,Manhattan,Midtown,40.76521,-73.97932,United States,US,True,flexible,Entire home/apt,2020.0,485,97,30.0,14.0,2022-01-02,0.4,3.0,5.0,228.0,,,2658.07742,531.615484
31816362,The Vanderbilt Executive,83169849409,verified,Stay With Vibe,Manhattan,Murray Hill,40.74909,-73.9774,United States,US,True,flexible,Entire home/apt,2014.0,987,197,30.0,5.0,2022-01-02,0.38,5.0,108.0,308.0,,,5409.3245640000005,1079.6726840000001
31830722,138 Bowery-Studio in Little Italy,18451126615,verified,Jeniffer,Manhattan,Lower East Side,40.71972,-73.99372,United States,US,True,flexible,Entire home/apt,2013.0,739,148,30.0,2.0,2022-01-02,0.91,4.0,186.0,245.0,,,4050.1427080000003,811.1246560000001
31831827,Beautiful Furnished Studio in Chelsea #6145,18770114610,verified,MyNyHousing,Manhattan,Chelsea,40.74168,-73.99964,United States,US,True,flexible,Entire home/apt,2011.0,186,37,30.0,2.0,2022-01-02,0.4,3.0,48.0,125.0,,,1019.3863920000001,202.78116400000002
32711088,"Cozy apartment in South Williamsburg,  Brooklyn.",846977831,verified,Claudia,Brooklyn,Bedford-Stuyvesant,40.69866,-73.94548,United States,US,True,flexible,Entire home/apt,2005.0,425,85,2.0,91.0,2022-12-01,1.27,5.0,1.0,301.0,,,2329.2431,465.84862000000004
32742017,Cozy apartment close to everything !!!,977320462,verified,Say,Queens,Jackson Heights,40.74977,-73.88332,United States,US,True,flexible,Entire home/apt,2007.0,277,55,2.0,16.0,2022-11-01,1.47,3.0,2.0,320.0,,,1518.1184440000002,301.43146
32748092,Prime Gramercy Newly Furnished 1BR~W/D~Courtyard,62412338457,verified,Eran,Manhattan,Kips Bay,40.73809,-73.98136,United States,US,True,flexible,Entire home/apt,2010.0,784,157,30.0,4.0,2022-11-01,0.18,4.0,62.0,335.0,,,4296.768448000001,860.4498040000001
32748645,Spacious and charming Gem by Penn station,77001921366,verified,Jen & Jay,Manhattan,Chelsea,40.75146,-73.99647,United States,US,True,flexible,Entire home/apt,2007.0,1102,220,30.0,4.0,2022-11-01,0.19,2.0,1.0,288.0,,,6039.590344,1205.72584
32752511,Spacious & Clean 2-Bedroom in Prime East Village,57644907189,verified,Chin,Manhattan,East Village,40.72726,-73.97705,United States,US,True,flexible,Entire home/apt,2014.0,305,61,30.0,2.0,2022-11-01,0.63,2.0,1.0,83.0,,,1671.57446,334.31489200000004
32759138,Sun Soaked 1 Bedroom in Two Bridges,50867968207,verified,Roger,Manhattan,Chinatown,40.71462,-73.99042,United States,US,True,flexible,Entire home/apt,2011.0,506,101,6.0,1.0,2022-11-01,0.56,3.0,1.0,178.0,,,2773.169432,553.537772
32800009,"Beautiful, spacious, sunlit condo 1 block from L",1389207726,verified,Steph,Brooklyn,Williamsburg,40.71792,-73.95429,United States,US,True,flexible,Entire home/apt,2006.0,960,192,6.0,2.0,2022-10-01,1.0,3.0,1.0,33.0,,,5261.349120000001,1052.269824
32811055,Be Charmed in Park Slope just steps from the Park.,87945610074,verified,Seema,Brooklyn,South Slope,40.66424,-73.97992,United States,US,True,flexible,Entire home/apt,2015.0,787,157,30.0,24.0,2022-09-01,0.35,3.0,1.0,336.0,,,4313.210164,860.4498040000001
32817130,240Nest #2,50401833109,verified,Olivia,Manhattan,Kips Bay,40.74202,-73.97765,United States,US,True,flexible,Entire home/apt,2003.0,142,28,30.0,3.0,2022-09-01,0.43,2.0,3.0,225.0,,,778.2412240000001,153.456016
32832042,Home away from home with free street parking,8639583676,verified,Mahbuba,Queens,Jackson Heights,40.7507,-73.89314,United States,US,True,flexible,Entire home/apt,2007.0,1194,239,3.0,15.0,2022-09-01,0.56,3.0,1.0,51.0,,,6543.802968000001,1309.856708
32846954,Entire 2-Bedroom Apartment in Upper Manhattan,15886667566,verified,B,Manhattan,Harlem,40.82157,-73.94309,United States,US,True,flexible,Entire home/apt,2019.0,1026,205,1.0,26.0,2022-09-01,2.91,2.0,1.0,159.0,,,5623.066872,1123.51726
32860762,Retreat in Williamsburg,62987189074,verified,Ming,Brooklyn,Williamsburg,40.71512,-73.95899,United States,US,True,flexible,Entire home/apt,2022.0,612,122,4.0,277.0,2022-08-01,1.95,5.0,1.0,256.0,,,3354.1100640000004,668.6297840000001
32867389,"Entire Large Studio, Comfortable Queen Sized Bed,",28864791775,verified,Bianca,Brooklyn,Boerum Hill,40.68797,-73.98254,United States,US,True,flexible,Entire home/apt,2021.0,375,75,12.0,3.0,2022-08-01,0.43,4.0,1.0,63.0,,,2055.2145,411.04290000000003
32872912,LUXURY STUDIO ON UPPER EAST SIDE BY CENTRAL PARK,89655396279,verified,Inna,Manhattan,Upper East Side,40.76947,-73.95647,United States,US,True,flexible,Entire home/apt,2008.0,976,195,30.0,18.0,2022-08-01,0.32,5.0,32.0,323.0,,,5349.038272000001,1068.71154
32909916,UNTITLED at Freeman - Queen Studio 1015,28463562789,verified,Karen,Manhattan,Lower East Side,40.72092,-73.99181,United States,US,True,flexible,Entire home/apt,2017.0,894,179,2.0,11.0,2022-08-01,2.23,5.0,208.0,178.0,,,4899.631368,981.0223880000001
32911021,QUIET AND COMFORTABLE... 3BR BKLYN Condo!!!,72202151593,verified,Donald,Brooklyn,Crown Heights,40.67435,-73.92585,United States,US,True,flexible,Entire home/apt,2010.0,1076,215,30.0,2.0,2022-08-01,0.81,4.0,1.0,224.0,,,5897.095472000001,1178.3229800000001
32919858,*** Gorgeous 2BD apt with Terrace ***,39896570276,verified,Mike,Manhattan,Upper West Side,40.76905,-73.98515,United States,US,True,flexible,Entire home/apt,2018.0,997,199,5.0,22.0,2022-07-01,0.29,2.0,1.0,38.0,,,5464.130284000001,1090.633828
32920410,Cozy Studio Apt in Prospect Heights,91278653559,verified,Catherine,Brooklyn,Crown Heights,40.6779,-73.96256,United States,US,True,flexible,Entire home/apt,2015.0,269,54,8.0,38.0,2022-07-01,0.53,3.0,4.0,19.0,,,1474.2738680000002,295.950888
32940293,Luxury 1BR | Upscale Building | Gym | Mott Haven,21878406084,verified,Global Luxury Suites,Bronx,Port Morris,40.8089,-73.93083,United States,US,True,flexible,Entire home/apt,2009.0,870,174,30.0,1.0,2022-07-01,0.52,2.0,58.0,364.0,,,4768.09764,953.6195280000001
32957966,Private Entrance - Private Parking,4038070989,verified,Tiffaney,Brooklyn,Williamsburg,40.72002,-73.94238,United States,US,True,flexible,Entire home/apt,2004.0,190,38,4.0,104.0,2022-06-01,0.86,3.0,1.0,161.0,,,1041.30868,208.261736
32968460,Sunny Loft Elevator & Park views,25800093550,verified,Nathan,Manhattan,Midtown,40.75769,-73.96592,United States,US,True,flexible,Entire home/apt,2015.0,597,119,30.0,67.0,2022-06-01,0.95,2.0,1.0,153.0,,,3271.9014840000004,652.188068
32981715,Cottage like open space,24858413079,verified,Pavel,Brooklyn,Bedford-Stuyvesant,40.68273,-73.94923,United States,US,True,flexible,Entire home/apt,2018.0,940,188,4.0,14.0,2022-06-01,0.46,2.0,1.0,11.0,,,5151.73768,1030.347536
32986686,The Soho Experience- 1 Bdrm Apt Elevator Building,71497623669,verified,Hani,Manhattan,SoHo,40.72564,-74.0027,United States,US,True,flexible,Entire home/apt,2020.0,222,44,7.0,4.0,2022-06-01,0.17,4.0,1.0,163.0,,,1216.6869840000002,241.145168
33009883,Urban Sanctuary Prospect Park South Brooklyn,29909053215,verified,Pamela,Brooklyn,Flatbush,40.64801,-73.96342,United States,US,True,flexible,Entire home/apt,2017.0,427,85,7.0,3.0,2022-06-01,1.11,5.0,4.0,340.0,,,2340.204244,465.84862000000004
33027004,Charming Brooklyn apartment w/patio,85713227666,verified,Meredith,Brooklyn,Bushwick,40.69388,-73.92278,United States,US,True,flexible,Entire home/apt,2017.0,780,156,30.0,137.0,2022-05-01,1.86,4.0,1.0,173.0,,,4274.84616,854.969232
33038050,Bright and airy studio with serene backyard,74392555765,verified,Buddy,Bronx,Pelham Bay,40.84581,-73.84008,United States,US,True,flexible,Entire home/apt,2018.0,447,89,30.0,2.0,2022-05-01,0.04,3.0,1.0,305.0,,,2449.815684,487.770908
33044125,Multicultural House II,26257762390,verified,Luis,Bronx,Concourse,40.82124,-73.92913,United States,US,True,flexible,Entire home/apt,2012.0,1123,225,3.0,100.0,2022-05-01,2.54,5.0,1.0,308.0,,,6154.682356,1233.1287000000002
33046334,Entire factory  LOFT in East Williamsburg!,17703874714,verified,Aushra,Brooklyn,Williamsburg,40.70301,-73.93464,United States,US,True,flexible,Entire home/apt,2020.0,984,197,10.0,6.0,2022-05-01,0.16,2.0,1.0,31.0,,,5392.882848,1079.6726840000001
33056828,Vanderbilt Property II,6861343675,verified,Inna,Brooklyn,Fort Greene,40.69652,-73.97125,United States,US,True,flexible,Entire home/apt,2019.0,528,106,30.0,24.0,2022-05-01,0.97,4.0,3.0,239.0,,,2893.742016,580.940632
33058485,Modern 3BR/1B in prime location (15 Min to City),89372736922,verified,Art,Brooklyn,Crown Heights,40.67662,-73.92938,United States,US,True,flexible,Entire home/apt,2010.0,1081,216,2.0,90.0,2022-05-01,3.74,5.0,1.0,144.0,,,5924.498332,1183.803552
33084443,Spacious apt in luxury building @Greenwich Village,15197115462,verified,Dan,Manhattan,Greenwich Village,40.73134,-73.99407,United States,US,True,flexible,Entire home/apt,2020.0,57,11,4.0,1.0,2022-05-01,0.35,3.0,1.0,60.0,,,312.392604,60.286292
33085548,Crown Heights Gem-Sunny 2BR with a private office!,85753646964,verified,Garnett,Brooklyn,Crown Heights,40.67468,-73.95643,United States,US,True,flexible,Entire home/apt,2011.0,880,176,3.0,9.0,2022-05-01,2.14,3.0,1.0,289.0,,,4822.90336,964.580672
33086652,"Location, location, location!",60898061241,verified,Amanda,Manhattan,Hell's Kitchen,40.767296,-73.983437,United States,US,True,flexible,Entire home/apt,2015.0,1089,218,4.0,3.0,2022-05-01,1.0,2.0,1.0,187.0,,,5968.3429080000005,1194.7646960000002
33087205,Lovely UES Apartment with Private Balcony,57567892507,verified,Zac,Manhattan,Upper East Side,40.76314,-73.95784,United States,US,True,flexible,Entire home/apt,2016.0,1125,225,14.0,1.0,2022-05-01,0.5,4.0,1.0,350.0,,,6165.6435,1233.1287000000002
33091071,Brand New 4-Bedroom Duplex with Parking and Yard,44720645449,verified,Michael,Queens,Astoria,40.76997,-73.91777,United States,US,True,flexible,Entire home/apt,2019.0,875,175,5.0,3.0,2022-05-01,1.01,2.0,1.0,308.0,,,4795.5005,959.1001000000001
33102669,Downtown Modern Artist Apartment,32078432546,verified,Jeremy,Manhattan,Civic Center,40.71354,-74.00119,United States,US,True,flexible,Entire home/apt,,877,175,30.0,10.0,2022-04-01,0.1,4.0,1.0,58.0,,,4806.461644,959.1001000000001
33103774,Mitchell Manor,75722038673,verified,Nicole,Brooklyn,Bedford-Stuyvesant,40.68018,-73.93853,United States,US,True,flexible,Entire home/apt,2011.0,1198,240,3.0,125.0,2022-04-01,1.15,2.0,1.0,275.0,,,6565.725256000001,1315.3372800000002
33122552,LoraLisa's Flats,73841735592,verified,Lorna,Brooklyn,Prospect-Lefferts Gardens,40.65892,-73.9608,United States,US,True,flexible,Entire home/apt,2004.0,917,183,5.0,62.0,2022-04-01,1.45,5.0,2.0,45.0,,,5025.684524,1002.9446760000001
33141882,3rd Floor 2 Bedroom on Lexington Ave,87168859487,verified,Diana,Manhattan,Kips Bay,40.74315,-73.98137,United States,US,True,flexible,Entire home/apt,2021.0,423,85,31.0,15.0,2022-04-01,0.31,4.0,1.0,239.0,,,2318.2819560000003,465.84862000000004
33144091,Elegant 2brm 2bath Loft . Terrace,48373692292,verified,James,Manhattan,SoHo,40.72644,-74.0006,United States,US,True,flexible,Entire home/apt,2015.0,216,43,30.0,72.0,2022-04-01,1.6,3.0,3.0,157.0,,,1183.803552,235.66459600000002
33146301,"Hi-ceiling, Studio, Flatiron NYC",67976164354,verified,Aleksandar,Manhattan,Kips Bay,40.73961,-73.97991,United States,US,True,flexible,Entire home/apt,2005.0,1176,235,30.0,27.0,2022-04-01,0.63,3.0,1.0,225.0,,,6445.152672,1287.93442
33150719,Brand New BK Duplex in the Center of it All!!!,32333502770,verified,Sam,Brooklyn,Bedford-Stuyvesant,40.68727,-73.93705,United States,US,True,flexible,Entire home/apt,2003.0,110,22,2.0,103.0,2022-04-01,2.96,4.0,1.0,54.0,,,602.86292,120.572584
33162317,New Cozy 3bedrooms 3bathrooms steps from InduCity,31976449084,verified,Luis,Brooklyn,Sunset Park,40.66378,-73.99595,United States,US,True,flexible,Entire home/apt,2005.0,1051,210,1.0,19.0,2022-04-01,0.72,2.0,5.0,89.0,,,5760.081172,1150.92012
33163422,Duplex King Beds Private Outdoor Space!,15430516918,verified,Lauren,Brooklyn,Bedford-Stuyvesant,40.68202,-73.9438,United States,US,True,flexible,Entire home/apt,2019.0,1086,217,5.0,19.0,2022-04-01,0.71,5.0,3.0,244.0,,,5951.901192,1189.284124
33165631,South Slope Duplex,96982341878,verified,Jonathan,Brooklyn,Windsor Terrace,40.65958,-73.98441,United States,US,True,flexible,Entire home/apt,2012.0,163,33,7.0,6.0,2022-04-01,0.24,3.0,1.0,15.0,,,893.333236,180.858876
33191037,PEACEFUL RENOVATED STUDIO,55892098939,verified,Patricia,Manhattan,Harlem,40.81563,-73.94315,United States,US,True,flexible,Entire home/apt,2003.0,620,124,4.0,13.0,2022-04-01,1.56,5.0,4.0,297.0,,,3397.9546400000004,679.5909280000001
33198769,Lovely one bedroom apartment in Brooklyn bed stuy.,42171608579,verified,Trudy,Brooklyn,Bedford-Stuyvesant,40.68921,-73.94423,United States,US,True,flexible,Entire home/apt,2011.0,608,122,3.0,16.0,2022-04-01,2.36,5.0,1.0,343.0,,,3332.187776,668.6297840000001
33208158,UNTITLED at Freemans - Bowery King Studio 810,17095919002,verified,Karen,Manhattan,Lower East Side,40.72158,-73.9934,United States,US,True,flexible,Entire home/apt,2018.0,949,190,2.0,17.0,2022-04-01,2.82,4.0,208.0,114.0,,,5201.062828,1041.30868
33211472,Modern 1 bedroom Apt in Manhattan,50095920617,verified,Jackie,Manhattan,Chinatown,40.71429,-73.99931,United States,US,True,flexible,Entire home/apt,2005.0,866,173,4.0,5.0,2022-04-01,1.06,2.0,1.0,149.0,,,4746.175352,948.1389560000001
33219757,"Bright, Spacious 1BR Loft With Private Terrace",95800678643,verified,Andrew,Brooklyn,Williamsburg,40.71349,-73.94011,United States,US,True,flexible,Entire home/apt,2011.0,1008,202,13.0,2.0,2022-04-01,0.61,4.0,1.0,227.0,,,5524.4165760000005,1107.075544
33221413,Elegant Essence of Brooklyn,89995691752,verified,Charn,Brooklyn,Bedford-Stuyvesant,40.68263,-73.94672,United States,US,True,flexible,Entire home/apt,2010.0,959,192,4.0,3.0,2022-04-01,1.01,2.0,2.0,269.0,,,5255.868548,1052.269824
33225832,Studio apt in the heart of Chelsea,79163036752,verified,James,Manhattan,Chelsea,40.74606,-74.00036,United States,US,True,flexible,Entire home/apt,2019.0,235,47,3.0,4.0,2022-04-01,1.45,5.0,1.0,262.0,,,1287.93442,257.586884
33226936,DESIGNER 1 Bedroom - Best location upper West Side,90883800809,verified,Tal,Manhattan,Upper West Side,40.78686,-73.97722,United States,US,True,flexible,Entire home/apt,2012.0,492,98,5.0,2.0,2022-04-01,0.85,4.0,1.0,90.0,,,2696.441424,537.0960560000001
33247372,Gorgeous Condo in Wall St,36938912996,verified,Albert,Manhattan,Financial District,40.70632,-74.01219,United States,US,True,flexible,Entire home/apt,2007.0,444,89,30.0,13.0,2022-03-01,0.24,5.0,3.0,248.0,,,2433.3739680000003,487.770908
33254551,huge sunny 1 bed Times Square!!!!!!,98211582615,verified,Lior,Manhattan,Hell's Kitchen,40.76485,-73.99316,United States,US,True,flexible,Entire home/apt,2017.0,188,38,29.0,11.0,2022-03-01,0.16,5.0,8.0,365.0,,,1030.347536,208.261736
33270016,Brooklyn Boho 3 Floor Townhouse,38657583057,verified,Michelle,Brooklyn,Sunset Park,40.66314,-73.9954,United States,US,True,flexible,Entire home/apt,2020.0,997,199,2.0,78.0,2022-03-01,1.4,2.0,1.0,241.0,,,5464.130284000001,1090.633828
33274434,Rose Inn üè¢,26545893886,verified,Daniel,Queens,Laurelton,40.68507,-73.73344,United States,US,True,flexible,Entire home/apt,2021.0,943,189,1.0,12.0,2022-03-01,0.41,2.0,1.0,294.0,,,5168.179396,1035.8281080000002
33284376,UWS Artist‚Äôs 1 Bedroom Home‚ÄîWhimsical and Unique!,86582135249,verified,Blake,Manhattan,Upper West Side,40.80108,-73.96195,United States,US,True,flexible,Entire home/apt,2019.0,697,139,4.0,6.0,2022-03-01,0.23,2.0,2.0,151.0,,,3819.958684,761.7995080000001
33299840,Artist's Loft (Williamsburg) feat. by NYTimes,64890889628,verified,Lucy,Brooklyn,Williamsburg,40.70669,-73.96522,United States,US,True,flexible,Entire home/apt,2011.0,1054,211,5.0,20.0,2022-03-01,0.61,2.0,2.0,332.0,,,5776.522888,1156.4006920000002
33319723,Arverne apartment located near rockaway beach!,50204187159,verified,Yaseen,Queens,Arverne,40.58866,-73.79859,United States,US,True,flexible,Entire home/apt,2014.0,694,139,3.0,22.0,2022-03-01,1.19,2.0,1.0,58.0,,,3803.5169680000004,761.7995080000001
33321380,Couple‚Äôs getaway in the heart of Brooklyn.,14703138378,verified,Roger,Brooklyn,Crown Heights,40.6724,-73.9359,United States,US,True,flexible,Entire home/apt,2020.0,914,183,3.0,30.0,2022-03-01,1.83,4.0,2.0,321.0,,,5009.242808,1002.9446760000001
33325246,Peaceful Home w/ King Bed Near Forest Park,59791633143,verified,Jennifer,Queens,Forest Hills,40.70397,-73.85505,United States,US,True,flexible,Entire home/apt,2014.0,1017,203,30.0,1.0,2022-03-01,0.48,4.0,1.0,365.0,,,5573.741724,1112.5561160000002
33327455,Cozy Apt in the heart of Manhattan,49008862406,verified,Francesco,Manhattan,Hell's Kitchen,40.76588,-73.99299,United States,US,True,flexible,Entire home/apt,2021.0,203,41,7.0,1.0,2022-03-01,0.48,4.0,1.0,94.0,,,1112.5561160000002,224.70345200000003
33375505,Modern LES 1 Bedroom with Gym & Laundry #10349,89030677131,verified,Mark,Manhattan,Lower East Side,40.72102,-73.9888,United States,US,True,flexible,Entire home/apt,2014.0,460,92,30.0,3.0,2022-03-01,0.57,4.0,1.0,36.0,,,2521.0631200000003,504.21262400000006
33389865,Spacious Brooklyn Studio,13354601249,verified,Naa-Sakle,Brooklyn,Bedford-Stuyvesant,40.68183,-73.92113,United States,US,True,flexible,Entire home/apt,2018.0,1018,204,1.0,9.0,2022-03-01,2.39,4.0,1.0,208.0,,,5579.222296000001,1118.0366880000001
33392626,"Modern 1 bedroom duplex in East NY, Brooklyn",95356784681,verified,Philicia,Brooklyn,East New York,40.65545,-73.89536,United States,US,True,flexible,Entire home/apt,2009.0,987,197,3.0,10.0,2022-03-01,2.59,4.0,1.0,157.0,,,5409.3245640000005,1079.6726840000001
33396493,Near 5th Ave Exclusive apt in Brooklyn,65425780566,verified,Joanna,Brooklyn,Bay Ridge,40.62009,-74.02353,United States,US,True,flexible,Entire home/apt,2006.0,836,167,5.0,2.0,2022-03-01,0.71,2.0,3.0,78.0,,,4581.758192,915.255524
33404777,Huge Artist Loft in Manhattan (18 ft ceilings),90527029785,verified,Allon,Manhattan,Chelsea,40.74275,-73.99332,United States,US,True,flexible,Entire home/apt,2006.0,1003,201,2.0,1.0,2022-03-01,0.48,5.0,1.0,63.0,,,5497.013716,1101.594972
33418032,Modern and Cozy Home - LES,60049103876,verified,Andrea,Manhattan,Lower East Side,40.71733,-73.98427,United States,US,True,flexible,Entire home/apt,2019.0,1038,208,5.0,81.0,2022-02-01,0.71,3.0,1.0,365.0,,,5688.8337360000005,1139.9589760000001
33419689,Location AND Space in the city!!,58604432385,verified,Ms,Manhattan,East Village,40.73298,-73.98694,United States,US,True,flexible,Entire home/apt,2020.0,964,193,4.0,35.0,2022-02-01,0.36,5.0,3.0,8.0,,,5283.2714080000005,1057.7503960000001
33421346,Bushwick/Ridgewood studio garden aptmt w parking,37315143938,verified,Alice,Queens,Ridgewood,40.70875,-73.91654,United States,US,True,flexible,Entire home/apt,2011.0,760,152,3.0,109.0,2022-02-01,0.99,3.0,1.0,237.0,,,4165.23472,833.046944
33423003,"Private, Cozy hideaway apt in Bklyn for 1 to 4",71106855334,verified,Sharon,Brooklyn,Canarsie,40.64234,-73.89033,United States,US,True,flexible,Entire home/apt,2019.0,760,152,1.0,135.0,2022-02-01,1.29,3.0,1.0,308.0,,,4165.23472,833.046944
33437363,Bright Apt Williamsburg-Greenpoint,11754377267,verified,Manuela,Brooklyn,Greenpoint,40.72424,-73.94826,United States,US,True,flexible,Entire home/apt,2015.0,1168,234,1.0,72.0,2022-02-01,0.86,4.0,1.0,68.0,,,6401.308096000001,1282.453848
33437915,"Country Vibe, Big City Feel",28196467202,verified,Wendy,Queens,Ditmars Steinway,40.7712,-73.9163,United States,US,True,flexible,Entire home/apt,2007.0,767,153,2.0,28.0,2022-02-01,0.35,4.0,1.0,88.0,,,4203.598724,838.5275160000001
33446200,Magnolia House Saint George,80415474978,verified,Danforth,Staten Island,St. George,40.64816,-74.08445,United States,US,True,flexible,Entire home/apt,2011.0,162,32,2.0,160.0,2022-02-01,2.05,2.0,1.0,255.0,,,887.8526640000001,175.378304
33447856,NEW: 2 BR Steps from Times Square,60024928079,verified,George - Francis,Manhattan,Hell's Kitchen,40.76173,-73.99157,United States,US,True,flexible,Entire home/apt,2020.0,658,132,3.0,6.0,2022-02-01,0.08,5.0,1.0,0.0,,,3606.2163760000003,723.435504
33456141,Modern 2 Bedroom 2 Full Baths Apt in Park Slope,3143597803,verified,,Brooklyn,Park Slope,40.67931,-73.97974,United States,US,True,flexible,Entire home/apt,2020.0,1186,237,3.0,44.0,2022-02-01,2.45,5.0,1.0,94.0,,,6499.9583920000005,1298.8955640000001
33466635,Queens Village Vacation Getaway,9882839408,verified,Sophia,Queens,Queens Village,40.70975,-73.73963,United States,US,True,flexible,Entire home/apt,2015.0,603,121,1.0,222.0,2022-02-01,3.42,3.0,1.0,355.0,,,3304.784916,663.149212
33518551,Amazing Luxury Loft in Williamsburg,81216320437,verified,Luciana,Brooklyn,Williamsburg,40.71024,-73.96238,United States,US,True,flexible,Entire home/apt,2009.0,1115,223,2.0,3.0,2022-02-01,0.08,2.0,2.0,103.0,,,6110.837780000001,1222.167556
33522969,Private exquisite apartment with modern amenities,79202676351,verified,Idelsa,Bronx,Mott Haven,40.81132,-73.92177,United States,US,True,flexible,Entire home/apt,2013.0,960,192,3.0,60.0,2022-02-01,1.58,3.0,1.0,248.0,,,5261.349120000001,1052.269824
33526835,"Comfortable Stay in Historic, Spacious Brownstone",15857574103,verified,Aron,Brooklyn,Kensington,40.64517,-73.98116,United States,US,True,flexible,Entire home/apt,2016.0,204,41,2.0,38.0,2022-02-01,1.21,5.0,4.0,280.0,,,1118.0366880000001,224.70345200000003
33550032,HIDDEN GEM! Beautifully renovated attic apartment,34072013941,verified,Alonzo,Bronx,North Riverdale,40.90884,-73.9013,United States,US,True,flexible,Entire home/apt,2003.0,621,124,1.0,31.0,2022-02-01,1.08,3.0,1.0,332.0,,,3403.4352120000003,679.5909280000001
33572124,"Gramercy Park/Union Square 1 bed, cozy,comfortable",41390809628,verified,Regina Navarro,Manhattan,Gramercy,40.73509,-73.98887,United States,US,True,flexible,Entire home/apt,2008.0,613,123,2.0,44.0,2022-02-01,2.25,4.0,1.0,52.0,,,3359.5906360000004,674.110356
33593664,üóΩENTIRE APARTMENT‚òïÔ∏è Your Cosy Home at Central Parküå≥,42320941730,verified,Pamela,Manhattan,Hell's Kitchen,40.7688,-73.98666,United States,US,True,flexible,Entire home/apt,2020.0,170,34,4.0,11.0,2022-02-01,0.75,3.0,1.0,18.0,,,931.6972400000001,186.339448
33594216,New Luxury STUDIO Upper East Side ~W&D in unit~,968411446,verified,Jt,Manhattan,Upper East Side,40.77316,-73.94922,United States,US,True,flexible,Entire home/apt,2019.0,893,179,30.0,4.0,2022-02-01,0.29,2.0,59.0,93.0,,,4894.150796000001,981.0223880000001
33598634,Our 3 Levels Condo for Plants and Cats Lovers,67720412623,verified,Nadine & Jean-Louis,Brooklyn,Williamsburg,40.71498,-73.94658,United States,US,True,flexible,Entire home/apt,2015.0,833,167,3.0,1.0,2022-02-01,0.48,4.0,1.0,8.0,,,4565.316476,915.255524
33601948,Duplex townhouse with Balconies. Rainbow.,2912052897,verified,Chloe,Brooklyn,Bushwick,40.68312,-73.90927,United States,US,True,flexible,Entire home/apt,2014.0,745,149,3.0,21.0,2022-02-01,2.2,4.0,4.0,365.0,,,4083.0261400000004,816.605228
33621279,Artsy oasis west village,72780221999,verified,Orlee,Manhattan,West Village,40.73131,-74.00445,United States,US,True,flexible,Entire home/apt,2012.0,99,20,30.0,2.0,2022-02-01,0.24,4.0,1.0,187.0,,,542.576628,109.61144000000002
33624040,5 Bedroom Home /Great neighborhood & close to NYC,52914711559,verified,Ilya,Queens,Fresh Meadows,40.72926,-73.78704,United States,US,True,flexible,Entire home/apt,2010.0,416,83,4.0,11.0,2022-02-01,1.51,2.0,4.0,107.0,,,2279.9179520000002,454.88747600000005
33629011,"Bright, airy and hip Brooklyn apt...walk to all",1477931580,verified,Andrew,Brooklyn,Crown Heights,40.68017,-73.96139,United States,US,True,flexible,Entire home/apt,2019.0,1070,214,3.0,17.0,2022-02-01,2.06,3.0,3.0,365.0,,,5864.21204,1172.8424080000002
33631220,Studio apartment- Jamaica NY,82779996434,verified,Naresh,Queens,Jamaica,40.68644,-73.77668,United States,US,True,flexible,Entire home/apt,2004.0,667,133,2.0,20.0,2022-02-01,2.75,2.0,1.0,90.0,,,3655.541524,728.9160760000001
33640057,Cozy Spacious Home 15min-Times Square/GrandCentral,39459134679,verified,Jaime,Queens,Woodside,40.7432,-73.91095,United States,US,True,flexible,Entire home/apt,2004.0,670,134,3.0,16.0,2022-02-01,2.08,5.0,2.0,59.0,,,3671.9832400000005,734.396648
33646684,Entire First Floor W/Backyard in Two-Family House,70219066958,verified,Haiying,Queens,Jamaica Hills,40.717861,-73.795593,United States,US,True,flexible,Entire home/apt,2020.0,772,154,1.0,12.0,2022-02-01,1.66,3.0,1.0,173.0,,,4231.001584000001,844.008088
33658835,UNTITLED at Freeman  - Queen Studio 807,23251178143,verified,Karen,Manhattan,Nolita,40.72222,-73.99357,United States,US,True,flexible,Entire home/apt,2011.0,710,142,2.0,14.0,2022-02-01,2.31,3.0,208.0,180.0,,,3891.2061200000003,778.2412240000001
33662149,UNTITLED at Freeman-Charming Studio 713,92422911130,verified,Karen,Manhattan,Nolita,40.72238,-73.99338,United States,US,True,flexible,Entire home/apt,2012.0,1106,221,2.0,12.0,2022-02-01,2.06,3.0,208.0,180.0,,,6061.512632000001,1211.206412
33662701,Spacious 1 bedroom apartment near JFK Airport.,19720046893,verified,Shemeka,Queens,Rosedale,40.65086,-73.73634,United States,US,True,flexible,Entire home/apt,2014.0,891,178,2.0,1.0,2022-02-01,0.48,5.0,1.0,89.0,,,4883.189652,975.541816
33664358,Spacious West Harlem Gem with breath taking views!,28106685064,verified,August,Manhattan,Harlem,40.8212,-73.95721,United States,US,True,flexible,Entire home/apt,2007.0,123,25,4.0,2.0,2022-02-01,0.65,4.0,2.0,0.0,,,674.110356,137.01430000000002
33677061,Lovely 1 bedroom rental unit in the Bronx,60082815210,verified,Yaritza,Bronx,Longwood,40.82327,-73.89585,United States,US,True,flexible,Entire home/apt,2014.0,941,188,2.0,1.0,2022-02-01,0.48,3.0,,365.0,,,5157.218252000001,1030.347536
33690316,Lovely studio in bushwick/Ridgewood area.,40329402212,verified,Torris,Queens,Ridgewood,40.70464,-73.90728,United States,US,True,flexible,Entire home/apt,2022.0,406,81,2.0,6.0,2022-02-01,1.84,2.0,2.0,348.0,,,2225.1122320000004,443.92633200000006
33707990,Luxury One-Bedroom Apartment With A Patio,25247252993,verified,Zoe,Brooklyn,Williamsburg,40.71037,-73.96193,United States,US,True,flexible,Entire home/apt,2015.0,584,117,2.0,1.0,2022-02-01,0.48,4.0,1.0,64.0,,,3200.6540480000003,641.226924
33709094,Large Luxury 1-Bedroom Apartment,15649606403,verified,Carlman,Brooklyn,East New York,40.67309,-73.89034,United States,US,True,flexible,Entire home/apt,2021.0,1188,238,2.0,6.0,2022-02-01,1.62,2.0,2.0,351.0,,,6510.919536,1304.376136
33710751,Spacious Group Friendly 3 Bedroom Duplex w/Terrace,48981646665,verified,Imani,Brooklyn,Crown Heights,40.67233,-73.92809,United States,US,True,flexible,Entire home/apt,2004.0,454,91,3.0,4.0,2022-02-01,1.2,3.0,1.0,365.0,,,2488.179688,498.73205200000007
33716274,UNTITLED at Freeman - Alley Queen WorkStudio 219,43933731951,verified,Karen,Manhattan,Lower East Side,40.72106,-73.99322,United States,US,True,flexible,Entire home/apt,2007.0,693,139,2.0,2.0,2022-02-01,0.74,5.0,208.0,180.0,,,3798.0363960000004,761.7995080000001
33724559,1 Bedroom Garden Apartment in Bed-Stuy,29277266652,verified,Elizabeth,Brooklyn,Bedford-Stuyvesant,40.68295,-73.93462,United States,US,True,flexible,Entire home/apt,2008.0,1082,216,2.0,1.0,2022-02-01,0.48,2.0,1.0,285.0,,,5929.9789040000005,1183.803552
33732291,Charming Apt in the Heart of SoHo,9276555527,verified,Hugo,Manhattan,SoHo,40.72384,-74.00272,United States,US,True,flexible,Entire home/apt,2004.0,480,96,2.0,1.0,2022-02-01,0.48,2.0,1.0,219.0,,,2630.6745600000004,526.134912
33751069,Plum Guide Award-Winning Prospect Heights Oasis,10272393235,verified,Jenny,Brooklyn,Prospect Heights,40.67652,-73.9669,United States,US,True,flexible,Entire home/apt,2007.0,881,176,30.0,199.0,2022-01-01,1.88,4.0,1.0,179.0,,,4828.383932000001,964.580672
33760458,Spacious and welcoming 1 bedroom apt,93783339966,verified,Kyala,Brooklyn,East Flatbush,40.65346,-73.952,United States,US,True,flexible,Entire home/apt,2015.0,1006,201,2.0,103.0,2022-01-01,1.21,3.0,1.0,162.0,,,5513.455432000001,1101.594972
33769847,Brooklyn Modern Home,30979311738,verified,Cindy,Brooklyn,East Flatbush,40.6358,-73.94024,United States,US,True,flexible,Entire home/apt,2005.0,146,29,4.0,54.0,2022-01-01,0.77,4.0,1.0,179.0,,,800.1635120000001,158.936588
33770400,Updated 1 BR - Best Location,12070463257,verified,Stay With Vibe,Manhattan,Upper East Side,40.76984,-73.96119,United States,US,True,flexible,Entire home/apt,2010.0,693,139,30.0,23.0,2022-01-01,0.34,2.0,108.0,302.0,,,3798.0363960000004,761.7995080000001
33789178,GSG Inn - A totally private historic landmark inn,92731287339,verified,Gary,Staten Island,St. George,40.64727,-74.08402,United States,US,True,flexible,Entire home/apt,2013.0,472,94,3.0,177.0,2022-01-01,3.38,5.0,1.0,348.0,,,2586.8299840000004,515.173768
33800776,Deluxe Loft Suite,10494904728,verified,Franklin,Brooklyn,Greenpoint,40.73216,-73.95881,United States,US,True,flexible,Entire home/apt,2012.0,864,173,3.0,7.0,2022-01-01,0.16,2.0,2.0,171.0,,,4735.214208,948.1389560000001
33801328,Verona TwentyOne - RODFRED COMFORT,96263805490,verified,Norman,Brooklyn,Bedford-Stuyvesant,40.67987,-73.94863,United States,US,True,flexible,Entire home/apt,2012.0,56,11,2.0,240.0,2022-01-01,5.39,4.0,3.0,339.0,,,306.912032,60.286292
33822316,Studio apartment - Harlem heart,81080720064,verified,Olivier,Manhattan,Harlem,40.81062,-73.94323,United States,US,True,flexible,Entire home/apt,2011.0,1093,219,3.0,39.0,2022-01-01,1.21,3.0,1.0,5.0,,,5990.265196,1200.2452680000001
33835571,"1 bedroom, sunlit apartment with 2 cats!",17720126487,verified,Elisa,Brooklyn,Sunset Park,40.66167,-73.99132,United States,US,True,flexible,Entire home/apt,2017.0,619,124,2.0,33.0,2022-01-01,1.13,4.0,1.0,8.0,,,3392.4740680000004,679.5909280000001
33849379,Fully Furnished Studio Apartment in Chelsea,18918521514,verified,Liz,Manhattan,Chelsea,40.73953,-74.00084,United States,US,True,flexible,Entire home/apt,2011.0,1187,237,1.0,28.0,2022-01-01,1.05,4.0,1.0,0.0,,,6505.438964000001,1298.8955640000001
33851588,"Small Homey Studio, big windows for natural light",95203960083,verified,Erika,Queens,Richmond Hill,40.68942,-73.82511,United States,US,True,flexible,Entire home/apt,2010.0,308,62,5.0,28.0,2022-01-01,1.13,3.0,1.0,42.0,,,1688.016176,339.79546400000004
33857111,Spacious loft with amazing waterfront views,3501665985,verified,Christopher,Brooklyn,Williamsburg,40.71527,-73.96663,United States,US,True,flexible,Entire home/apt,2015.0,455,91,3.0,34.0,2022-01-01,1.63,3.0,1.0,6.0,,,2493.66026,498.73205200000007
33862634,,33512606255,verified,Andrea,Bronx,Wakefield,40.88332,-73.85018,United States,US,True,flexible,Entire home/apt,2012.0,870,174,3.0,7.0,2022-01-01,0.41,4.0,1.0,179.0,,,4768.09764,953.6195280000001
33872575,(1 Room) Happy Home for Happy Guests,19941832923,verified,Julie,Queens,Whitestone,40.78302,-73.81647,United States,US,True,flexible,Entire home/apt,2009.0,208,42,1.0,30.0,2022-01-01,2.07,4.0,2.0,358.0,,,1139.9589760000001,230.18402400000002
33874784,Slick Prime Lower East East ~BRAND NEW 1br Apt~,12237970536,verified,Jt,Manhattan,Lower East Side,40.71936,-73.98512,United States,US,True,flexible,Entire home/apt,2022.0,882,176,30.0,1.0,2022-01-01,0.47,2.0,59.0,164.0,,,4833.864504,964.580672
33878650,"‚òÖ5 STAR‚òÖ 3-Floor Townhouse w/ Garden, 20' Ceilings",15076370445,verified,Roy,Manhattan,Harlem,40.80829,-73.94568,United States,US,True,flexible,Entire home/apt,2011.0,605,121,30.0,9.0,2022-01-01,1.41,3.0,1.0,360.0,,,3315.7460600000004,663.149212
33890801,Best place to relax and be at peace,55240266999,verified,Yovanny,Bronx,Tremont,40.84557,-73.88656,United States,US,True,flexible,Entire home/apt,2017.0,686,137,3.0,21.0,2022-01-01,2.32,2.0,1.0,173.0,,,3759.6723920000004,750.8383640000001
33896324,Artist true 1 bedroom apartment in Chinatown NYC,67787678280,verified,Liza,Manhattan,Chinatown,40.71606,-74.0002,United States,US,True,flexible,Entire home/apt,2017.0,269,54,2.0,8.0,2022-01-01,1.12,3.0,1.0,36.0,,,1474.2738680000002,295.950888
33932776,UNTITLED at Freeman - Alley King Studio 320,18108748309,verified,Karen,Manhattan,Nolita,40.7228,-73.99348,United States,US,True,flexible,Entire home/apt,2022.0,301,60,2.0,9.0,2022-01-01,2.27,3.0,208.0,180.0,,,1649.652172,328.83432000000005
39102856,240Nest #4 with view on the Empire State Building,70688414809,verified,Olivia,Manhattan,Kips Bay,40.74057,-73.97755,United States,US,True,flexible,Entire home/apt,2013.0,626,125,30.0,2.0,2022-03-03,0.27,4.0,3.0,6.0,,,3430.8380720000005,685.0715
39104513,New Airbnb NowAvailable  Entire Penthouse 2 guest.,22464881977,verified,The Crown Retreat,Brooklyn,East Flatbush,40.64766,-73.95142,United States,US,True,flexible,Entire home/apt,2006.0,1117,223,1.0,35.0,2022-03-03,5.56,3.0,8.0,346.0,,,6121.798924000001,1222.167556
39107275,Lovely 2 bedroom private entrance near JFK&Casino,48943961804,verified,Safain,Queens,South Ozone Park,40.67084,-73.79148,United States,US,True,flexible,Entire home/apt,2007.0,605,121,2.0,19.0,2022-03-03,3.48,4.0,3.0,358.0,,,3315.7460600000004,663.149212
39116664,Amazing Central Park Garden Apartment !!!,50523925578,verified,Evan,Manhattan,Upper West Side,40.78202,-73.97593,United States,US,True,flexible,Entire home/apt,2006.0,358,72,30.0,13.0,2022-10-01,0.67,5.0,6.0,364.0,,,1962.0447760000002,394.60118400000005
39131576,Cozy and Renovated Studio in Chelsea #6147,3274074143,verified,MyNyHousing,Manhattan,Chelsea,40.74136,-73.99852,United States,US,True,flexible,Entire home/apt,2019.0,238,48,30.0,2.0,2022-10-01,0.63,2.0,48.0,339.0,,,1304.376136,263.067456
39137651,2 Bedroom Entire Residence,65350162709,verified,Devon,Queens,Rosedale,40.66062,-73.73704,United States,US,True,flexible,Entire home/apt,2021.0,748,150,2.0,2.0,2022-10-01,0.88,4.0,1.0,179.0,,,4099.467856,822.0858000000001
39143174,1 BR with Steinway Grand Piano,74883536889,verified,Joseph,Manhattan,Harlem,40.79961,-73.95516,United States,US,True,flexible,Entire home/apt,2006.0,705,141,30.0,150.0,2022-09-01,1.7,2.0,1.0,45.0,,,3863.80326,772.760652
39147592,"1 bedroom apt, comforts of home, close to all..",57340968245,verified,Don,Staten Island,Richmondtown,40.57095,-74.12328,United States,US,True,flexible,Entire home/apt,2015.0,664,133,3.0,150.0,2022-09-01,2.38,5.0,1.0,50.0,,,3639.0998080000004,728.9160760000001
39149802,"Large Windows, Plenty of Light",28061673997,verified,Benjamin,Brooklyn,Boerum Hill,40.68826,-73.98558,United States,US,True,flexible,Entire home/apt,2020.0,666,133,30.0,14.0,2022-09-01,0.22,3.0,19.0,259.0,,,3650.0609520000003,728.9160760000001
39154772,1st Floor Cozy 1Br Apt. Near YANKEE STADIUM,793508683,verified,Telia,Bronx,Morrisania,40.8292,-73.9093,United States,US,True,flexible,Entire home/apt,2021.0,500,100,1.0,83.0,2022-09-01,2.04,2.0,1.0,179.0,,,2740.286,548.0572000000001
39176312,Bright 1 Bed in the best Manhattan Neighborhood,69373239489,verified,Layth,Manhattan,Chinatown,40.71499,-73.99137,United States,US,True,flexible,Entire home/apt,2019.0,127,25,30.0,4.0,2022-09-01,0.3,4.0,1.0,0.0,,,696.032644,137.01430000000002
39197852,Studio Apt with Masterbedroom and Walk in Closet,91695974188,verified,J,Manhattan,Hell's Kitchen,40.75594,-73.99283,United States,US,True,flexible,Entire home/apt,2017.0,1150,230,4.0,85.0,2022-08-01,0.75,3.0,3.0,51.0,,,6302.657800000001,1260.5315600000001
39205032,Elegant Studio in the Heart of Harlem,16364813717,verified,Brinton,Manhattan,Harlem,40.80603,-73.94733,United States,US,True,flexible,Entire home/apt,2017.0,725,145,30.0,95.0,2022-08-01,1.43,4.0,3.0,241.0,,,3973.4147000000003,794.68294
39213868,"Cozy 2BR in Trendy LIC, 1 Stop From Manhattan",92992538555,verified,Steve,Queens,Long Island City,40.74355,-73.95154,United States,US,True,flexible,Entire home/apt,2014.0,355,71,30.0,83.0,2022-08-01,1.84,2.0,1.0,0.0,,,1945.6030600000001,389.12061200000005
